payfit_label,bucket_key,priority,keywords,examples
"R&D/Factory (GGO - R&D/Factory)",__fallback__,999,"__default__","Fallback : projet par défaut pour les demi-journées sans signal calendrier (focus work, dev en cours, etc.). Modifier la valeur du label sur cette ligne pour changer le projet par défaut."
"R&D/Factory (GGO - R&D/Factory)",factory,10,"factory|azimut|maquettes? factory|conception.*(factory|azimut|projet)|prépa factory","Maquettes FACTORY; Conception Factory/Azimut; Prépa Factory"
"R&D/Retail/ZoneInsight (GGO - R&D)",zoneinsight,20,"étude de zone|zoneinsight|zone insight|retail|tryba|refashion|cannibalisation|catchment|isochrone|étude.+modèle|rzi|\[rzi\]","Étude de zone; Point étude de zone; Conseils contacts Tryba; [RZI] Point Produit"
"R&D/Power Bi (GGO - R&D)",powerbi,30,"power.?bi|pbi|gtm.*power|powerbi","Galigeo for PowerBI Demo; Maquettes site GTM PowerBI; Usage géo PowerBI"
"R&D/G4E&Cloud (GGO - R&D)",g4e_cloud,40,"g4e|galigeo for excel|cloud|on.?prem|releases? on|import de données|nouvel éditeur|éditeur de couches|infra|releases","Import de données; Releases on-premises; Nouvel éditeur de couches"
"R&D/RoadMap/ProductManagement (GGO - R&D)",roadmap_pm,50,"sprint|rétro|standup|prépa.* sprint|notion|vision produit|point produit|déj\\.? produit|roadmap|stratégie produit|bug review|debrief.* (av|tedi|client)|entretiens? utilisateurs?|entretiens? user|user.* research|interview.* utilisateurs?|flow","Préparation sprint 253; Sprint Rétrospective; Point produit; Vision produit; Déj. Produit; Bug Review; Entretiens utilisateurs; Flow"
"Encadrement (GGO - Encadrement)",encadrement,60,"coaching|test technique|entretien.*(recrut|nicolas|stéphane)|recrutement|pilotage|prépa.* ei|ei/cm prépa|réunion préparation ei|reporting mensuel|synchro naélys|synchro naélyse|gabriel|verre galigeo|prez compta|prépa rétro.*compta|success stories|brief galigeo|naming|packaging|plg|slg|site web|atelier at|nouveaux produits.*nom","Coaching Grégoire; Test technique Stéphane; Synchro Naélys; Gabriel - GALIGEO; PLG→SLG site; Naming & Packaging; Pilotage transformation"
"CSM/CREDIT-MUT (CM - CSM)",csm_cm,70,"crédit.?mut|cm/ei|cm.?ei.*annuel|réunion annuel.* cm|annuel cm/ei","Réunion annuelle CM/EI"
"R&D/RoadMap (GGO - R&D)",roadmap,80,"roadmap (q[1-4]|annuel)","Roadmap Q3 planning"
